main_mode,user
bike,0.2925423428216724
car,0.043155685613786174
pt,0.41739824421388666
ride,0.21187668115042416
walk,0.4589282019449617
