main_mode,user
bike,0.27681712039253936
car,0.05920605361946144
pt,0.3991900919275221
ride,0.23963228991161953
walk,0.45603145044485827
